0,True,54.80.108,1
1,True,3.132.159,1
2,True,81.4.106,2
3,True,54.201.247,1
4,True,162.255.85,3
5,True,148.163.76,12
6,True,106.12.161,1
7,True,34.254.203,1
8,True,5.181.51,6
4b75adb328993324b922da57ed4e21cd08523623205293a772ee757b3e2e6c46 DIVERGE
9,False,34.209.67,1
10,True,167.114.30,32
11,True,85.217.171,1
12,True,35.182.2,1
13,True,209.250.253,1
14,True,213.32.50,1
15,True,15.222.114,1
16,True,47.244.174,1
17,True,155.138.194,1
18,True,101.200.74,1
19,True,51.81.239,13
20,True,157.230.138,1
21,True,54.201.223,1
22,True,35.182.135,1
23,True,147.135.239,1
24,True,3.230.241,1
25,True,192.99.230,32
26,True,95.216.159,1
27,True,3.213.215,1
28,True,52.1.135,1
29,True,34.249.8,1
30,True,147.135.113,1
31,True,209.250.250,1
32,True,44.227.163,1
33,True,152.32.139,1
34,True,54.153.121,1
35,True,13.56.33,1
36,True,54.173.167,1
37,True,52.43.222,1
38,True,54.171.140,1
39,True,13.56.154,1
40,True,3.135.27,1
41,True,52.60.154,1
42,True,164.68.111,1
43,True,34.253.202,1
44,True,178.128.235,1
45,True,207.148.4,1
46,True,82.165.160,1
47,True,54.149.53,1
48,True,52.209.44,1
49,True,218.78.79,1
50,True,151.80.103,1
51,True,128.199.45,1
52,True,108.128.209,1
53,True,94.23.146,1
54,True,52.88.59,1
55,True,50.3.82,1
56,True,35.183.215,1
57,True,35.237.207,1
58,True,198.50.165,128
59,True,147.135.173,32
60,True,63.35.3,1
61,True,66.70.130,64
62,True,5.45.107,1
63,True,47.57.170,1
64,True,3.84.181,1
65,True,35.182.62,1
66,True,85.214.87,1
67,True,212.24.105,1
68,True,134.122.113,1
69,True,52.60.92,2
70,True,18.221.8,1
71,True,185.66.88,256
72,True,157.245.252,1
73,True,145.239.106,32
74,True,101.200.74,1
75,True,103.127.246,1
76,True,106.13.221,11
77,True,152.32.140,4
78,True,184.169.193,1
79,True,34.227.96,1
80,True,104.198.143,1
81,True,50.21.186,1
82,True,162.255.87,1
83,True,173.249.9,1
84,True,3.224.131,1
85,True,34.237.169,1
86,True,54.209.241,1
87,True,47.88.101,1
88,True,54.82.233,1
89,True,74.208.210,1
90,True,134.209.39,1
91,True,157.245.65,1
92,True,185.170.112,1
93,True,3.214.237,1
94,True,174.138.54,1
95,True,35.183.138,2
96,True,52.21.107,1
97,True,54.229.206,1
98,True,5.181.48,10
99,True,104.197.171,1
100,True,45.32.199,1
101,True,35.238.33,1
102,True,62.246.56,1
103,True,45.251.243,1
104,True,18.189.52,1
22aa89bb068dec25e718eebfe6274b7e2a9d4be4ff2adf8e11f56b6b4516abcc DIVERGE
22aa89bb068dec25e718eebfe6274b7e2a9d4be4ff2adf8e11f56b6b4516abcc DIVERGE
22aa89bb068dec25e718eebfe6274b7e2a9d4be4ff2adf8e11f56b6b4516abcc DIVERGE
105,False,44.233.244,1
106,True,34.250.79,1
107,True,218.78.79,1
108,True,34.223.179,2
109,True,45.143.153,256
110,True,3.210.205,1
111,True,152.32.199,1
112,True,47.56.156,1
113,True,167.86.104,1
114,True,52.11.121,1
115,True,52.203.186,1
116,True,44.228.155,2
117,True,46.105.38,1
118,True,159.65.45,1
119,True,18.202.208,1
120,True,52.54.20,1
121,True,35.182.28,1
122,True,106.13.4,1
123,True,74.208.251,2
124,True,34.67.30,1
125,True,206.81.22,1
126,True,51.83.210,128
127,True,70.35.203,1
128,True,95.216.151,1
129,True,34.200.220,2
130,True,52.210.82,1
131,True,195.201.101,1
132,True,34.201.42,1
133,True,3.136.46,1
134,True,45.32.71,1
135,True,218.78.79,1
136,True,34.68.130,1
26b1557df09891beec2969a9413eb0a8786b2ba991062821818bdcaaa44bd35d DIVERGE
137,False,18.221.194,1
138,True,18.189.196,1
139,True,63.34.229,1
140,True,18.202.117,1
141,True,3.133.142,1
142,True,51.91.78,3
143,True,34.241.96,1
144,True,137.116.72,1
145,True,185.121.25,12
146,True,207.148.11,2
147,True,178.32.173,1
148,True,99.79.24,1
149,True,78.47.69,1
150,True,34.227.96,1
151,True,3.15.147,1
152,True,67.205.154,1
153,True,123.57.105,1
154,True,3.93.36,1
155,True,51.38.192,1
156,True,18.190.29,1
157,True,34.255.87,1
158,True,167.71.1,2
159,True,188.165.11,1
160,True,165.22.82,1
161,True,167.71.247,1
162,True,121.40.163,1
163,True,212.24.99,1
7fce6044fe0ede84f2d0d8edacce93f3f01667dbf6d29efcefb05b33163b3b6c DIVERGE
7fce6044fe0ede84f2d0d8edacce93f3f01667dbf6d29efcefb05b33163b3b6c DIVERGE
164,False,218.78.79,1
165,True,93.177.67,2
166,True,94.23.77,1
167,True,185.45.113,1
168,True,23.22.26,1
169,True,168.235.98,4
170,True,217.182.64,1
171,True,142.44.224,32
172,True,34.83.186,1
173,True,35.183.163,2
174,True,199.19.224,4
175,True,46.183.145,1
176,True,52.54.20,1
177,True,44.226.139,1
178,True,35.155.117,1
179,True,135.181.35,1
180,True,135.181.13,8
181,True,158.69.235,4
182,True,174.138.35,1
183,True,95.216.218,6
184,True,35.183.89,3
185,True,100.21.98,1
186,True,148.163.76,12
187,True,178.62.217,1
188,True,35.243.159,1
189,True,52.203.254,1
190,True,3.20.171,1
191,True,34.240.4,2
192,True,158.69.8,32
193,True,54.71.65,1
194,True,78.47.151,1
195,True,8.209.105,1
196,True,3.96.39,1
197,True,99.79.140,1
198,True,52.10.12,1
199,True,3.133.23,1
200,True,204.48.19,1
201,True,51.68.197,1
202,True,67.207.89,1
203,True,152.32.153,1
204,True,34.83.90,1
205,True,204.48.23,1
206,True,137.116.72,1
207,True,165.227.90,1
208,True,54.145.203,1
209,True,198.27.69,1
210,True,13.59.163,1
211,True,47.56.159,1
212,True,51.210.12,1
213,True,87.106.126,1
214,True,128.1.37,1
215,True,185.183.158,1
216,True,207.148.31,2
217,True,104.168.43,1
218,True,52.31.165,1
219,True,195.201.235,3
220,True,52.39.92,1
221,True,217.160.63,4
222,True,162.255.84,3
223,True,100.24.124,1
bdb5538f2950dbe5d7adf33573e894152a899e2fc81097e607f702bac0a972d3 DIVERGE
224,False,184.73.58,1
225,True,198.27.68,1
226,True,34.227.96,1
227,True,34.74.166,1
228,True,52.50.126,1
229,True,195.181.245,1
230,True,136.243.82,1
231,True,54.36.122,1
232,True,95.179.212,1
233,True,89.25.168,11
234,True,70.35.196,1
235,True,35.183.213,2
236,True,80.240.31,1
237,True,3.133.142,1
238,True,36.111.149,5
239,True,206.189.199,1
240,True,52.15.156,1
241,True,159.69.91,2
242,True,54.201.251,1
243,True,54.38.214,1
244,True,198.27.69,1
245,True,36.111.35,1
246,True,116.203.107,1
247,True,52.60.126,3
248,True,142.93.87,2
249,True,3.12.239,1
250,True,182.61.32,3
251,True,74.208.94,3
252,True,35.237.17,1
253,True,18.202.159,1
254,True,158.69.235,4
255,True,52.18.185,1
256,True,47.240.230,1
257,True,123.57.105,1
258,True,54.171.58,1
259,True,163.172.222,1
260,True,78.46.198,1
261,True,35.194.11,1
262,True,193.164.132,1
263,True,54.38.158,1
264,True,34.228.122,1
265,True,85.214.128,1
266,True,104.244.76,1
267,True,52.60.58,1
268,True,3.14.178,1
269,True,63.35.120,1
270,True,99.79.187,4
271,True,62.151.183,1
272,True,44.226.143,1
273,True,207.154.233,1
274,True,212.227.200,1
275,True,54.203.146,1
276,True,107.191.111,4
277,True,167.71.189,1
278,True,207.180.235,2
279,True,34.254.122,1
280,True,3.230.155,1
281,True,34.218.201,1
282,True,37.59.43,1
283,True,52.60.212,2
284,True,104.248.14,1
285,True,35.233.155,1
286,True,85.214.128,1
287,True,54.228.213,1
288,True,35.164.188,1
289,True,3.88.216,1
290,True,100.21.214,1
291,True,116.203.232,1
292,True,58.210.135,1
293,True,135.181.10,16
294,True,202.97.251,9
295,True,88.214.10,1
296,True,139.99.168,1
4f47d7036e55d25cfe5e8856cff4e303e0494b672c426b71f3f2257530e00382 DIVERGE
4f47d7036e55d25cfe5e8856cff4e303e0494b672c426b71f3f2257530e00382 DIVERGE
4f47d7036e55d25cfe5e8856cff4e303e0494b672c426b71f3f2257530e00382 DIVERGE
4f47d7036e55d25cfe5e8856cff4e303e0494b672c426b71f3f2257530e00382 DIVERGE
297,False,188.165.11,1
298,True,52.31.38,1
299,True,52.18.185,1
300,True,3.21.110,1
301,True,137.116.72,1
302,True,66.42.45,1
303,True,51.75.249,5
304,True,99.79.101,1
305,True,64.225.52,1
306,True,106.13.22,1
307,True,51.68.197,1
308,True,54.190.64,1
309,True,54.193.41,1
310,True,161.35.60,1
311,True,34.243.20,1
312,True,34.238.130,1
313,True,46.51.200,1
314,True,34.248.187,1
315,True,159.65.252,1
316,True,140.82.39,2
317,True,47.57.103,2
318,True,103.43.75,1
319,True,3.96.86,1
320,True,155.94.201,1
321,True,104.248.74,1
322,True,180.76.178,1
323,True,3.19.96,1
324,True,154.201.2,13
325,True,116.202.105,1
326,True,118.24.181,1
327,True,128.14.231,1
328,True,54.158.145,1
329,True,198.251.65,1
330,True,23.106.160,1
331,True,51.83.30,64
332,True,36.111.41,8
333,True,99.79.181,5
334,True,95.217.13,3
335,True,204.48.19,1
336,True,128.199.35,2
337,True,163.172.130,1
338,True,18.200.72,1
339,True,34.76.202,1
340,True,52.60.237,1
341,True,140.82.24,1
342,True,52.60.78,2
343,True,52.50.241,1
344,True,163.172.222,1
345,True,3.93.34,1
346,True,89.25.168,11
347,True,34.254.178,1
348,True,36.111.35,1
349,True,213.136.85,1
350,True,3.91.225,1
ee0f3d66fd8cf34dd02d0e11dd709e6d145548ce638e3fe91d089f2ce65fe9c3 DIVERGE
ee0f3d66fd8cf34dd02d0e11dd709e6d145548ce638e3fe91d089f2ce65fe9c3 DIVERGE
351,False,54.91.75,1
352,True,116.203.37,2
353,True,49.12.34,1
354,True,130.211.213,1
355,True,164.132.74,1
356,True,95.217.193,1
357,True,15.223.7,2
358,True,3.13.28,1
359,True,165.22.188,1
360,True,165.22.94,1
361,True,140.82.4,1
362,True,174.138.54,1
363,True,34.240.92,1
364,True,5.196.14,1
365,True,35.182.142,1
366,True,116.203.254,2
367,True,3.132.130,2
368,True,15.222.19,5
369,True,3.135.14,2
370,True,34.206.194,1
371,True,54.154.98,1
372,True,52.31.146,1
373,True,182.61.57,1
374,True,209.141.42,2
375,True,107.191.109,3
376,True,80.211.107,1
377,True,46.105.45,1
378,True,3.134.22,1
379,True,107.161.22,2
06de5966ea48246ac984a782791a522af5ca351a98c505e866fc9cb498d11b29 DIVERGE
380,False,184.73.58,1
381,True,45.251.243,1
382,True,34.198.113,1
383,True,35.227.144,1
384,True,68.183.41,1
385,True,100.24.120,2
386,True,23.106.160,1
387,True,54.154.40,1
388,True,194.135.89,1
389,True,15.222.99,1
390,True,95.217.216,1
391,True,45.32.158,2
392,True,64.227.98,1
393,True,95.179.180,1
394,True,63.33.124,1
395,True,167.88.117,1
396,True,174.138.42,1
397,True,77.68.17,2
398,True,44.226.67,1
399,True,142.93.159,1
400,True,34.240.13,1
401,True,52.41.96,1
402,True,52.86.145,1
403,True,44.228.26,1
404,True,88.99.36,1
405,True,34.75.106,1
406,True,199.223.235,1
407,True,54.194.131,1
408,True,46.105.44,1
769e856eb2c2168fcadc86c42b5a8e2678fc42f6152528aa5f1c51300424277e DIVERGE
769e856eb2c2168fcadc86c42b5a8e2678fc42f6152528aa5f1c51300424277e DIVERGE
409,False,194.120.24,256
410,True,204.152.210,1
411,True,52.10.12,1
412,True,212.227.9,1
413,True,51.195.136,6
414,True,149.248.19,1
415,True,188.166.138,1
416,True,3.233.64,1
417,True,95.216.219,1
418,True,122.51.83,1
419,True,45.33.1,1
420,True,193.176.153,256
421,True,216.250.119,3
422,True,34.105.121,1
423,True,54.190.80,1
424,True,209.250.234,2
425,True,99.80.200,1
426,True,116.203.78,2
427,True,50.112.57,1
428,True,198.50.165,128
429,True,52.60.49,1
430,True,34.198.85,1
431,True,18.196.207,1
432,True,137.220.34,1
433,True,52.49.184,1
434,True,185.172.114,1
6a011097a0d3eb55ccab2c3237f7d8e95eafc5cbe4161a45960f457c7c629bc1 DIVERGE
435,False,93.90.205,2
436,True,80.211.222,1
437,True,130.211.213,1
438,True,136.244.86,1
439,True,63.34.204,1
440,True,49.12.13,1
441,True,51.89.61,32
442,True,3.84.181,1
443,True,3.248.6,1
444,True,81.4.109,5
445,True,167.99.127,1
446,True,106.12.138,1
447,True,142.93.117,1
448,True,116.203.186,3
449,True,78.46.217,2
450,True,52.60.173,1
451,True,104.248.238,1
452,True,45.79.48,1
453,True,193.160.96,65
454,True,34.255.28,1
455,True,142.93.153,1
456,True,18.212.113,1
457,True,148.163.76,12
458,True,34.67.30,1
459,True,93.177.67,2
460,True,107.150.98,1
461,True,104.248.14,1
462,True,47.57.80,3
463,True,128.14.224,1
464,True,34.231.243,1
0409c3b2b59ce578391444fbd7a8c6c9c258d09e0904ab65b5270c24d7ed7441 DIVERGE
465,False,54.225.191,1
466,True,108.61.198,1
467,True,34.216.172,1
468,True,35.182.108,1
469,True,207.180.222,1
470,True,88.214.10,1
471,True,164.68.102,2
472,True,52.60.103,1
473,True,3.96.70,1
474,True,3.211.175,1
475,True,34.106.140,1
476,True,63.32.2,1
477,True,52.26.219,1
478,True,52.60.97,1
479,True,207.246.89,1
480,True,47.101.41,1
481,True,54.204.16,1
482,True,167.99.154,1
483,True,52.13.59,1
484,True,51.178.54,1
485,True,78.47.48,1
486,True,18.189.108,1
487,True,178.170.41,1
488,True,52.8.191,2
489,True,159.69.222,3
490,True,81.95.13,1
491,True,3.131.0,1
492,True,207.180.204,1
493,True,47.244.13,1
494,True,77.68.25,1
495,True,54.159.21,1
496,True,142.93.67,1
497,True,167.71.161,1
498,True,106.12.102,1
499,True,52.8.208,1
500,True,178.170.41,1
501,True,3.19.58,1
502,True,64.227.98,1
503,True,134.209.72,1
504,True,99.80.13,1
505,True,35.203.139,1
506,True,52.3.104,1
507,True,104.197.45,1
508,True,35.160.132,1
509,True,188.165.251,1
510,True,37.187.90,1
511,True,3.136.182,1
512,True,3.21.14,1
513,True,51.83.246,255
514,True,52.43.222,1
515,True,206.189.98,2
516,True,3.248.38,1
517,True,204.48.19,1
518,True,165.22.30,2
519,True,51.161.66,63
520,True,205.185.126,1
521,True,52.60.228,1
522,True,94.130.183,1
523,True,34.193.213,1
524,True,18.220.94,1
525,True,3.236.4,1
526,True,52.14.188,1
527,True,178.63.255,3
528,True,149.28.215,1
529,True,49.12.2,1
530,True,116.202.177,9
531,True,82.165.121,5
532,True,34.106.140,1
533,True,3.121.159,1
534,True,52.3.22,1
535,True,213.32.17,2
536,True,35.231.212,1
537,True,158.69.8,32
538,True,194.135.81,2
539,True,54.149.228,1
540,True,103.43.75,1
541,True,34.240.189,1
542,True,51.254.105,1
543,True,54.148.111,1
e2552d683d717294fe0cefaa69f1904b2d411857407b09824fdb7db5786f2b2f DIVERGE
544,False,35.182.222,1
545,True,99.79.110,1
546,True,52.37.15,1
547,True,123.57.105,1
548,True,35.231.65,1
549,True,180.76.142,1
550,True,159.69.147,1
551,True,36.111.149,5
552,True,13.58.173,1
553,True,218.78.79,1
554,True,52.37.116,1
555,True,51.89.21,1
556,True,52.50.4,1
557,True,51.91.156,1
558,True,164.132.228,1
209cf8d8f54e6220a78f9d205685217327bfe8e724207c2a2b7af81cc6433533 DIVERGE
209cf8d8f54e6220a78f9d205685217327bfe8e724207c2a2b7af81cc6433533 DIVERGE
209cf8d8f54e6220a78f9d205685217327bfe8e724207c2a2b7af81cc6433533 DIVERGE
209cf8d8f54e6220a78f9d205685217327bfe8e724207c2a2b7af81cc6433533 DIVERGE
559,False,54.191.193,1
560,True,35.162.71,1
561,True,54.218.150,1
562,True,23.20.198,1
563,True,88.99.190,1
564,True,34.242.30,1
565,True,45.32.75,2
675c1681db51a7d0de7cba808b54ebe23b7d36c27f36cc2bc0c40fc33d13324f DIVERGE
675c1681db51a7d0de7cba808b54ebe23b7d36c27f36cc2bc0c40fc33d13324f DIVERGE
566,False,159.89.155,1
567,True,155.94.143,1
568,True,84.22.103,1
569,True,45.32.86,1
570,True,95.179.130,2
571,True,62.246.56,1
572,True,34.92.197,1
573,True,99.80.63,1
574,True,99.79.168,1
575,True,107.191.119,1
576,True,157.230.130,1
577,True,3.135.163,1
578,True,87.106.153,2
579,True,44.224.130,1
580,True,167.71.71,1
581,True,52.39.92,1
582,True,87.98.180,1
583,True,149.248.36,1
584,True,52.60.207,1
585,True,54.177.162,1
586,True,44.228.235,1
587,True,31.7.188,1
588,True,15.222.193,1
589,True,45.63.65,1
590,True,78.47.46,1
591,True,116.203.205,1
592,True,88.198.184,1
593,True,52.33.181,1
594,True,93.90.205,2
595,True,212.227.200,1
596,True,202.97.251,9
597,True,168.235.69,1
598,True,3.134.157,2
599,True,51.38.192,1
600,True,142.93.5,1
601,True,44.225.30,1
602,True,100.20.19,1
603,True,95.216.165,1
604,True,54.66.220,1
605,True,54.219.186,1
47a9311820eb22e607393244d40049f2292bc67ba53b9f108067fc7db33b620e DIVERGE
606,False,184.73.58,1
607,True,54.237.211,1
608,True,52.30.85,1
609,True,52.60.189,1
610,True,107.191.98,2
611,True,107.22.135,1
612,True,82.199.133,8
613,True,40.91.104,1
614,True,146.148.74,1
615,True,54.190.172,1
616,True,34.242.85,1
617,True,3.13.225,1
2cd9fd8872e2fee36781dae82d6eeac10ffd4cf7d3f82322f0089e7444a30c46 DIVERGE
618,False,35.182.222,1
619,True,35.174.61,1
620,True,78.46.201,1
621,True,47.241.65,1
622,True,96.126.120,1
623,True,138.197.104,1
624,True,94.23.86,1
625,True,159.69.183,1
626,True,3.132.115,1
627,True,34.228.122,1
628,True,44.226.252,1
629,True,198.50.237,4
630,True,52.4.13,1
631,True,47.52.25,1
632,True,158.69.138,8
633,True,173.212.212,1
634,True,208.68.37,1
635,True,116.203.92,2
636,True,67.205.157,2
637,True,18.223.15,1
638,True,52.45.129,1
639,True,18.217.34,1
640,True,81.4.102,6
641,True,180.76.178,1
642,True,3.130.225,1
643,True,95.179.206,1
644,True,82.165.124,4
645,True,34.215.55,1
646,True,3.134.72,1
647,True,146.148.74,1
648,True,188.166.9,1
649,True,176.122.146,1
650,True,52.51.113,1
651,True,155.94.140,1
652,True,54.243.71,4
653,True,180.153.57,2
654,True,49.12.106,1
655,True,193.70.87,1
656,True,51.195.46,1
657,True,63.141.247,1
658,True,95.216.175,4
659,True,185.177.93,1
660,True,52.200.92,1
661,True,123.57.105,1
662,True,37.120.189,1
663,True,23.20.198,1
75d8fd0107199dbf86afd75f1c480a9853124d65c9af9c422399a53fb20707fc DIVERGE
75d8fd0107199dbf86afd75f1c480a9853124d65c9af9c422399a53fb20707fc DIVERGE
664,False,34.201.32,1
665,True,99.79.157,4
666,True,8.209.252,1
667,True,217.160.60,5
668,True,52.12.176,1
669,True,76.120.88,1
670,True,108.61.241,1
671,True,49.12.75,3
672,True,3.87.252,1
673,True,178.33.42,1
674,True,91.121.58,1
675,True,51.81.237,125
676,True,45.76.51,1
677,True,54.194.58,1
678,True,106.13.28,2
679,True,208.167.239,1
680,True,35.153.143,1
681,True,195.201.149,1
682,True,128.1.49,1
683,True,63.35.66,1
684,True,15.222.202,2
685,True,34.76.202,1
ab78251503dfe035d846763ee4f47ff9ff126d1fcc7614676fb8f67033644a75 DIVERGE
686,False,54.157.72,1
687,True,52.53.61,1
688,True,35.199.185,1
689,True,78.141.222,1
690,True,182.61.41,1
691,True,3.0.84,1
692,True,52.50.126,1
693,True,35.243.182,1
694,True,34.203.248,1
695,True,145.239.83,1
696,True,54.149.53,1
697,True,8.209.102,2
698,True,78.47.153,1
699,True,147.135.239,1
700,True,35.183.58,2
701,True,107.150.98,1
702,True,54.86.248,1
703,True,173.208.207,1
704,True,209.141.60,1
705,True,104.254.245,2
706,True,99.79.141,1
707,True,13.56.52,1
708,True,194.124.32,1
52c00c60eabb18bb9a0068d574eb32926729b6176c72b27bc92daef4c400cfab DIVERGE
52c00c60eabb18bb9a0068d574eb32926729b6176c72b27bc92daef4c400cfab DIVERGE
709,False,123.57.105,1
710,True,93.177.67,2
711,True,44.227.81,2
712,True,212.227.201,2
713,True,91.121.232,2
714,True,37.252.187,1
715,True,13.52.135,1
716,True,44.230.117,1
717,True,34.243.144,1
718,True,34.223.173,1
719,True,81.95.13,1
720,True,18.208.50,1
721,True,52.36.16,1
722,True,34.235.150,1
723,True,174.138.34,2
724,True,51.75.28,1
725,True,104.156.255,1
726,True,216.250.119,3
727,True,52.49.57,1
728,True,64.225.52,1
729,True,82.165.116,5
730,True,144.202.30,1
731,True,122.51.82,1
732,True,123.57.105,1
733,True,15.222.143,1
734,True,144.202.25,1
735,True,34.194.126,1
736,True,119.23.254,1
737,True,44.228.165,1
738,True,54.167.9,1
739,True,52.60.190,2
740,True,202.97.251,9
741,True,149.248.53,1
5a165a3634cf302840434ffe363de15b0e03fb82bebc4ad30a168e4206c0fc77 DIVERGE
5a165a3634cf302840434ffe363de15b0e03fb82bebc4ad30a168e4206c0fc77 DIVERGE
742,False,151.80.11,1
743,True,199.19.226,3
744,True,62.171.128,1
745,True,157.245.82,1
746,True,23.22.26,1
747,True,47.241.28,1
748,True,149.28.29,1
749,True,168.235.82,3
750,True,54.194.19,1
751,True,208.167.245,1
752,True,213.218.141,1
753,True,100.26.116,1
df68e7f8ba2e51db76e34b643c104ff5c1bb54be70de448ba48a2d7687fad1d6 DIVERGE
754,False,54.157.72,1
755,True,34.200.218,1
756,True,161.35.126,2
757,True,151.80.112,2
758,True,13.57.66,1
be9bbc90fcbbfe128ffbd209910f0d4b03666eb38889bb1727e42103896ced07 DIVERGE
be9bbc90fcbbfe128ffbd209910f0d4b03666eb38889bb1727e42103896ced07 DIVERGE
759,False,218.78.79,1
760,True,103.29.69,1
761,True,3.23.163,1
762,True,192.95.53,8
763,True,185.121.25,12
8f4dc20f5548dfcefde1fb8c011bbf50b018b8e47aea0fdb29839ea8b65554b0 DIVERGE
8f4dc20f5548dfcefde1fb8c011bbf50b018b8e47aea0fdb29839ea8b65554b0 DIVERGE
764,False,202.97.251,9
765,True,45.63.87,1
766,True,3.13.220,1
767,True,82.165.64,1
768,True,85.214.87,1
769,True,185.167.116,1
770,True,146.148.56,1
771,True,18.220.94,1
772,True,167.172.222,1
773,True,35.160.26,1
774,True,50.112.22,1
775,True,54.85.21,1
f4eea94c4dac1f44301f60976610190b8e26c22f47f01987fb12878fe6fba9f1 DIVERGE
776,False,52.8.174,1
777,True,167.179.72,1
778,True,95.179.183,1
779,True,167.88.115,1
780,True,99.79.176,2
781,True,35.183.240,4
782,True,95.217.220,1
783,True,149.28.20,1
784,True,138.68.55,1
785,True,144.217.236,64
786,True,149.129.227,1
787,True,5.135.59,1
788,True,106.12.138,1
789,True,194.135.89,1
790,True,94.23.149,1
791,True,47.91.249,1
792,True,3.220.53,1
793,True,202.97.251,9
794,True,159.65.226,1
795,True,178.170.41,1
796,True,45.76.55,1
6e642f594ac02e9c92e5f6bc20b141eeff180fae11c8a5a22af1bb0f73b804ab DIVERGE
797,False,52.48.237,1
798,True,165.22.158,1
799,True,34.105.6,1
800,True,62.171.134,1
801,True,34.105.29,1
802,True,44.226.168,1
803,True,66.175.238,1
804,True,37.59.43,1
805,True,3.122.113,1
806,True,52.3.226,1
807,True,44.227.115,1
808,True,66.42.87,1
809,True,3.19.54,1
810,True,206.189.73,1
811,True,35.163.69,1
812,True,63.35.160,1
813,True,96.30.192,1
814,True,165.22.182,1
815,True,40.91.104,1
816,True,92.222.64,1
817,True,216.128.128,1
818,True,135.181.13,8
819,True,63.32.196,1
820,True,168.235.88,4
bedb1f7715f1612064078b0be644488d4c14641cd5780cdf7f78164075fb6557 DIVERGE
bedb1f7715f1612064078b0be644488d4c14641cd5780cdf7f78164075fb6557 DIVERGE
bedb1f7715f1612064078b0be644488d4c14641cd5780cdf7f78164075fb6557 DIVERGE
bedb1f7715f1612064078b0be644488d4c14641cd5780cdf7f78164075fb6557 DIVERGE
821,False,34.236.244,1
822,True,116.203.135,1
823,True,100.27.40,1
824,True,52.43.222,1
825,True,101.200.74,1
826,True,146.148.74,1
827,True,188.40.183,16
828,True,155.94.201,1
829,True,138.201.246,1
830,True,217.182.79,2
831,True,3.81.99,1
832,True,34.242.229,1
833,True,140.82.4,1
8cbf32aec0b728f4839312b746aa98203b7bc724dbafabb9b406e01f9d821e77 DIVERGE
834,False,184.73.58,1
835,True,35.176.127,1
836,True,51.161.59,32
837,True,51.254.48,1
838,True,91.241.32,1
839,True,54.229.71,1
840,True,155.138.128,1
841,True,18.225.0,2
842,True,167.114.88,8
843,True,54.37.18,1
844,True,35.183.232,1
845,True,66.42.109,1
846,True,47.91.89,2
847,True,70.35.203,1
918573fc481b9d4090c066aae4012a04903a420309dd4ac3d7565ee65243bfc1 DIVERGE
918573fc481b9d4090c066aae4012a04903a420309dd4ac3d7565ee65243bfc1 DIVERGE
848,False,52.40.232,1
849,True,13.57.83,1
850,True,34.125.136,1
851,True,182.61.145,1
852,True,209.246.143,1
853,True,54.69.75,1
854,True,185.172.114,1
855,True,123.57.105,1
856,True,111.229.142,1
857,True,74.208.82,1
858,True,162.255.84,3
859,True,34.241.232,1
860,True,52.6.160,1
861,True,51.83.57,1
862,True,111.229.142,1
863,True,3.133.240,1
864,True,116.203.95,1
865,True,34.251.167,1
866,True,167.99.182,1
867,True,184.169.250,1
868,True,23.226.229,1
869,True,44.232.108,1
870,True,3.135.237,1
871,True,176.31.195,1
872,True,134.122.24,1
873,True,136.243.214,2
874,True,155.138.212,1
875,True,185.232.16,256
876,True,192.99.87,16
877,True,104.254.245,2
878,True,180.76.150,1
879,True,178.62.217,1
880,True,217.182.25,3
881,True,52.13.83,1
882,True,3.101.39,1
883,True,51.195.46,1
884,True,163.172.130,1
885,True,208.68.37,1
886,True,100.24.116,1
887,True,148.251.122,1
888,True,51.254.108,1
889,True,167.71.64,1
890,True,18.221.248,1
891,True,195.62.53,1
892,True,47.241.77,1
893,True,157.230.10,1
894,True,157.245.11,1
895,True,52.204.235,1
896,True,216.250.126,1
897,True,94.130.99,1
898,True,107.150.98,1
899,True,34.105.57,1
900,True,119.23.254,1
901,True,119.23.254,1
902,True,99.81.54,1
903,True,35.165.12,1
904,True,89.47.161,1
905,True,70.35.202,1
906,True,52.25.162,1
907,True,95.179.250,1
908,True,52.2.188,1
27a3ff4b58c763d025757d92fff7632c6c664f70d22484d04cf79f2823e27b07 DIVERGE
27a3ff4b58c763d025757d92fff7632c6c664f70d22484d04cf79f2823e27b07 DIVERGE
27a3ff4b58c763d025757d92fff7632c6c664f70d22484d04cf79f2823e27b07 DIVERGE
27a3ff4b58c763d025757d92fff7632c6c664f70d22484d04cf79f2823e27b07 DIVERGE
909,False,54.191.58,1
910,True,148.163.76,12
911,True,45.134.157,256
912,True,193.160.96,65
913,True,96.126.120,1
914,True,192.184.90,1
915,True,45.76.67,1
916,True,182.61.54,1
917,True,139.99.90,1
918,True,134.122.75,1
919,True,3.222.190,1
920,True,3.121.159,1
921,True,195.62.53,1
922,True,106.12.123,1
923,True,194.87.232,1
924,True,154.81.3,2
925,True,155.138.194,1
926,True,18.220.128,1
f655754ebb82fcdd43ba9cc5d94528d7debde4a433072743cea918d11469238e DIVERGE
f655754ebb82fcdd43ba9cc5d94528d7debde4a433072743cea918d11469238e DIVERGE
927,False,209.141.42,2
928,True,212.227.9,1
929,True,212.227.193,2
930,True,18.189.9,1
931,True,178.128.66,4
932,True,44.231.163,1
933,True,45.32.175,1
934,True,111.229.142,1
935,True,176.158.29,1
936,True,15.222.107,1
937,True,163.172.130,1
938,True,47.91.92,1
939,True,45.144.242,1
940,True,95.217.128,1
941,True,52.31.209,1
942,True,54.167.9,1
943,True,50.112.22,1
944,True,83.166.150,1
945,True,52.31.242,1
946,True,146.148.56,1
0db1e3fe73a8000fab3f0700dba7332425046c30a023ac72ae4e4215ebfac96b DIVERGE
0db1e3fe73a8000fab3f0700dba7332425046c30a023ac72ae4e4215ebfac96b DIVERGE
0db1e3fe73a8000fab3f0700dba7332425046c30a023ac72ae4e4215ebfac96b DIVERGE
0db1e3fe73a8000fab3f0700dba7332425046c30a023ac72ae4e4215ebfac96b DIVERGE
947,False,100.20.250,1
948,True,116.203.122,3
949,True,45.144.242,1
950,True,34.248.51,1
951,True,155.138.219,1
a8cb916c93bd564f1320616781fd8695cfc0520331af0f939bc1261a1e22206b DIVERGE
a8cb916c93bd564f1320616781fd8695cfc0520331af0f939bc1261a1e22206b DIVERGE
a8cb916c93bd564f1320616781fd8695cfc0520331af0f939bc1261a1e22206b DIVERGE
952,False,52.49.241,1
953,True,50.21.186,1
954,True,66.70.144,4
955,True,142.93.121,1
956,True,180.76.100,1
957,True,142.44.221,127
12dba20708cdc17d428a534df910637ccf4dcd94c2e2a4ff531bf80e5dce29db DIVERGE
12dba20708cdc17d428a534df910637ccf4dcd94c2e2a4ff531bf80e5dce29db DIVERGE
958,False,218.78.79,1
959,True,40.114.7,1
960,True,66.79.188,1
961,True,149.28.206,2
962,True,3.14.60,2
963,True,54.203.110,1
964,True,95.217.156,1
965,True,52.209.148,1
966,True,137.74.43,1
967,True,44.226.254,1
968,True,141.164.60,1
969,True,138.201.152,1
970,True,44.225.111,1
971,True,145.239.2,1
972,True,54.203.128,1
88a8b40d9b9d6fae0e9857938a202a43986526a10adf48d15a68c2fd0a3bfadc DIVERGE
88a8b40d9b9d6fae0e9857938a202a43986526a10adf48d15a68c2fd0a3bfadc DIVERGE
88a8b40d9b9d6fae0e9857938a202a43986526a10adf48d15a68c2fd0a3bfadc DIVERGE
973,False,35.183.91,1
974,True,107.21.206,2
975,True,103.29.69,1
976,True,118.24.181,1
977,True,36.111.35,1
978,True,95.216.204,4
979,True,152.32.164,1
980,True,18.188.217,1
981,True,95.216.143,1
982,True,176.223.138,1
983,True,34.243.41,1
984,True,54.174.202,1
985,True,155.138.211,1
986,True,94.16.120,1
987,True,35.163.86,1
988,True,35.164.51,1
989,True,47.56.170,1
990,True,3.14.186,1
991,True,100.25.64,1
992,True,88.99.126,1
993,True,13.52.228,1
994,True,51.158.188,1
995,True,130.211.213,1
996,True,202.97.251,9
997,True,15.222.58,8
998,True,50.21.190,1
999,True,100.21.13,1
1000,True,47.57.175,3
1001,True,44.227.38,1
1002,True,138.201.186,1
1003,True,159.65.85,2
1004,True,3.90.49,1
1005,True,103.219.22,1
82e6f1ea027113134865a5b8fec51e2ad552180975a9999c1cf04c2c0f3d6e98 DIVERGE
1006,False,18.234.97,1
1007,True,47.244.18,1
1008,True,167.71.189,1
1009,True,101.200.74,1
1010,True,104.238.131,1
36c2551281d2993e073b9e5e7f9a9358ae699af22e89ab7cbe49380dd82999f2 DIVERGE
36c2551281d2993e073b9e5e7f9a9358ae699af22e89ab7cbe49380dd82999f2 DIVERGE
36c2551281d2993e073b9e5e7f9a9358ae699af22e89ab7cbe49380dd82999f2 DIVERGE
1011,False,52.19.90,1
1012,True,167.99.191,1
1013,True,185.121.25,12
1014,True,119.23.254,1
1015,True,106.12.151,1
1016,True,216.126.231,2
1017,True,176.223.131,1
1018,True,52.48.130,1
1019,True,212.24.99,1
5b682be4c9860229efc80c1d87db32642a314cedfa49143aaa6efaa25f6fa0fa DIVERGE
1020,False,74.208.25,5
1021,True,199.19.226,3
1022,True,34.255.70,1
1023,True,96.30.193,1
1024,True,3.136.237,2
1025,True,35.182.181,2
1026,True,18.188.230,1
1027,True,52.48.63,1
1028,True,100.20.250,1
1029,True,13.77.140,1
bf438b1d9839c73d3f243184d16a04ae63905b1eaf8e947b82656a2cd35b50f2 DIVERGE
1030,False,94.130.99,1
1031,True,83.166.150,1
1032,True,82.64.86,1
1033,True,52.13.83,1
1034,True,80.211.222,1
1035,True,51.178.40,1
1036,True,157.245.231,1
1037,True,185.167.116,1
1038,True,138.68.55,1
1039,True,35.162.95,1
1040,True,91.121.58,1
1041,True,47.241.65,1
1042,True,54.213.52,1
1043,True,52.201.207,1
1044,True,54.208.236,1
1045,True,54.145.203,1
1046,True,35.160.14,1
1047,True,80.255.2,9
1048,True,18.217.71,1
1049,True,167.71.64,1
1050,True,34.206.20,1
1051,True,64.225.3,1
1052,True,205.185.118,2
f0f1c5710e59300b50a7b730d2fed21ad2b8783298b8c1cf5a58a273c130d6dd DIVERGE
f0f1c5710e59300b50a7b730d2fed21ad2b8783298b8c1cf5a58a273c130d6dd DIVERGE
1053,False,198.50.139,32
1054,True,34.105.121,1
1055,True,44.226.101,1
21b134e1180d139945963fc3a8a41b82ef654a28fbfa403337ba6ac8d5b1f5de DIVERGE
21b134e1180d139945963fc3a8a41b82ef654a28fbfa403337ba6ac8d5b1f5de DIVERGE
21b134e1180d139945963fc3a8a41b82ef654a28fbfa403337ba6ac8d5b1f5de DIVERGE
21b134e1180d139945963fc3a8a41b82ef654a28fbfa403337ba6ac8d5b1f5de DIVERGE
1056,False,18.218.207,1
1057,True,82.165.244,8
1058,True,165.22.79,1
1059,True,34.82.123,1
1060,True,3.20.193,1
1061,True,185.242.127,1
1062,True,107.161.22,2
1063,True,82.165.98,1
1064,True,18.206.85,1
1065,True,185.52.0,5
1066,True,193.37.212,1
1067,True,185.52.1,5
1068,True,193.22.152,1
1069,True,34.225.184,1
1070,True,159.69.248,8
1071,True,54.76.208,1
1072,True,87.98.178,1
1073,True,45.142.183,58
1074,True,78.47.249,1
1075,True,157.245.172,1
1076,True,34.223.179,2
1077,True,52.41.233,1
1078,True,63.32.125,1
1079,True,100.24.125,1
1080,True,140.82.27,1
1081,True,46.101.16,1
1082,True,70.35.207,1
1083,True,96.30.197,2
1084,True,3.135.30,1
1085,True,135.181.35,1
1086,True,3.135.101,1
1087,True,78.46.203,1
1088,True,51.77.137,3
1089,True,66.79.188,1
1090,True,64.225.52,1
1091,True,34.75.106,1
1092,True,45.63.117,1
1093,True,3.248.165,1
1094,True,34.199.132,1
1095,True,52.8.40,1
1096,True,78.47.110,1
1097,True,46.38.254,1
1098,True,35.182.126,1
1099,True,62.171.134,1
1100,True,159.65.226,1
1101,True,128.14.231,1
1102,True,68.183.106,1
1103,True,51.77.180,1
1104,True,68.183.124,1
1105,True,34.233.164,1
1106,True,182.61.22,1
1107,True,52.229.56,1
1108,True,51.83.232,128
1109,True,34.239.251,1
1110,True,66.175.238,1
1111,True,35.162.146,1
1112,True,91.121.232,2
1113,True,34.240.1,1
1114,True,95.216.141,1
1115,True,52.48.130,1
1116,True,104.248.243,1
1117,True,165.22.158,1
1118,True,3.219.88,1
1119,True,99.79.17,1
1120,True,128.199.94,1
1121,True,82.199.133,8
1122,True,82.165.163,2
1123,True,164.68.102,2
1124,True,62.151.183,1
1125,True,58.210.135,1
1126,True,50.18.216,1
1127,True,174.138.35,1
1128,True,128.1.49,1
1129,True,3.136.211,1
1130,True,162.255.85,3
1131,True,46.51.200,1
1132,True,85.217.171,1
1133,True,54.242.54,1
1134,True,35.170.162,1
1135,True,99.81.196,1
1136,True,35.182.91,2
1137,True,198.46.202,1
1138,True,99.79.17,1
1139,True,148.163.76,12
ac274f1427bc0c04427e6d9a3fdd29e293e292d0b7472c02639b6c9dea46bc21 DIVERGE
ac274f1427bc0c04427e6d9a3fdd29e293e292d0b7472c02639b6c9dea46bc21 DIVERGE
1140,False,3.92.96,1
1141,True,45.77.109,2
1142,True,111.229.142,1
1143,True,108.128.85,1
1144,True,188.40.183,16
1145,True,66.42.91,1
1146,True,217.163.30,1
1222be614e7d5f521b23de18825c96cbff9206d06b5cdc71e856db480e80d785 DIVERGE
1222be614e7d5f521b23de18825c96cbff9206d06b5cdc71e856db480e80d785 DIVERGE
1222be614e7d5f521b23de18825c96cbff9206d06b5cdc71e856db480e80d785 DIVERGE
1147,False,35.164.173,1
1148,True,67.207.90,2
1149,True,52.17.233,1
1150,True,35.158.198,1
1151,True,106.12.102,1
1152,True,51.195.46,1
592c35d31b85ac39b6e45f841396160da9c3a52859e9708178e54958217d45d4 DIVERGE
592c35d31b85ac39b6e45f841396160da9c3a52859e9708178e54958217d45d4 DIVERGE
592c35d31b85ac39b6e45f841396160da9c3a52859e9708178e54958217d45d4 DIVERGE
1153,False,99.79.142,1
1154,True,78.47.87,1
1155,True,36.111.149,5
1156,True,3.21.188,1
1157,True,45.77.186,1
1158,True,15.223.96,1
1159,True,35.243.219,1
1160,True,202.97.251,9
1161,True,54.72.187,1
1162,True,52.27.241,1
1163,True,165.227.43,1
1164,True,100.22.9,2
1165,True,52.213.218,1
1166,True,52.52.47,1
1167,True,108.175.11,2
1168,True,198.71.63,3
1169,True,47.241.129,1
1170,True,54.184.130,1
1171,True,18.224.183,2
1172,True,116.203.137,1
1173,True,51.38.189,1
1174,True,89.47.160,1
1175,True,167.99.169,1
1176,True,52.211.186,1
1177,True,35.203.46,1
1178,True,44.226.174,1
1179,True,34.212.253,1
1180,True,111.229.142,1
1181,True,217.160.43,4
1182,True,155.94.143,1
1183,True,35.183.91,1
1184,True,13.56.64,1
1185,True,149.28.253,1
1186,True,3.15.31,1
1187,True,52.43.26,1
1188,True,13.77.140,1
1189,True,95.217.7,2
1190,True,52.43.97,1
1191,True,44.230.104,1
1192,True,80.255.6,1
1193,True,52.211.100,1
1194,True,52.215.8,1
1195,True,78.46.226,1
1196,True,104.196.5,1
1197,True,62.171.128,1
1198,True,137.116.72,1
1199,True,15.222.193,1
1200,True,40.114.7,1
1201,True,52.210.96,1
1202,True,15.222.185,2
1203,True,188.166.138,1
1204,True,76.120.88,1
1205,True,3.16.227,1
1206,True,34.251.55,1
1207,True,54.229.61,1
1208,True,134.122.8,1
1209,True,3.137.40,1
1210,True,46.51.207,1
1211,True,35.165.0,1
1212,True,81.95.5,3
a8af4e78e10115870141231669bd4259e3ac8e8f64ec51b66a15d8d4f3b0b70b DIVERGE
a8af4e78e10115870141231669bd4259e3ac8e8f64ec51b66a15d8d4f3b0b70b DIVERGE
1213,False,218.78.79,1
1214,True,18.200.119,1
1215,True,99.81.132,1
1216,True,104.248.237,1
1217,True,40.91.104,1
58415b36d0310fd88f01a50f55c6dfe2b94f5c9f1810abf0168ac1a43095584c DIVERGE
58415b36d0310fd88f01a50f55c6dfe2b94f5c9f1810abf0168ac1a43095584c DIVERGE
58415b36d0310fd88f01a50f55c6dfe2b94f5c9f1810abf0168ac1a43095584c DIVERGE
1218,False,3.228.34,1
7301b86b4ec1af9915516be2f7c9cace6b9880c3dbf9cd6079de1342240bca31 DIVERGE
7301b86b4ec1af9915516be2f7c9cace6b9880c3dbf9cd6079de1342240bca31 DIVERGE
7301b86b4ec1af9915516be2f7c9cace6b9880c3dbf9cd6079de1342240bca31 DIVERGE
1219,False,167.86.104,1
1220,True,54.36.131,1
1221,True,34.236.163,1
1222,True,184.169.193,1
1223,True,18.200.115,1
1224,True,142.93.151,1
1225,True,34.201.5,1
1226,True,18.217.253,1
1227,True,88.214.10,1
1228,True,44.226.40,1
1229,True,40.91.104,1
1230,True,79.137.21,1
1231,True,78.47.249,1
1232,True,79.137.44,1
a36529eb85a665f7e1b20ae0ac5b048418a702a6c89013e5e374f377a49465fe DIVERGE
a36529eb85a665f7e1b20ae0ac5b048418a702a6c89013e5e374f377a49465fe DIVERGE
1233,False,54.84.127,1
1234,True,94.130.75,1
1235,True,35.183.104,1
1236,True,5.135.237,1
1237,True,198.199.81,1
1238,True,194.182.64,1
1239,True,158.69.235,4
1240,True,96.30.197,2
1241,True,3.14.87,1
1242,True,44.226.107,2
1243,True,52.204.57,1
1244,True,54.242.54,1
1245,True,51.161.44,32
1246,True,52.16.64,1
1247,True,99.79.89,2
3f4ec0fa7db937ab2a59857589d1d19a5a23f93837fbe0005d87999531a67271 DIVERGE
3f4ec0fa7db937ab2a59857589d1d19a5a23f93837fbe0005d87999531a67271 DIVERGE
1248,False,3.15.31,1
1249,True,52.49.196,1
1250,True,157.245.68,1
1251,True,3.218.146,1
1252,True,128.1.49,1
1253,True,147.135.239,1
1254,True,15.222.192,1
1255,True,13.57.83,1
1256,True,31.7.188,1
1257,True,45.76.34,1
1258,True,174.138.33,1
1259,True,178.128.161,1
1260,True,174.138.37,1
1261,True,35.182.21,2
1262,True,138.68.55,1
1263,True,44.231.72,1
1264,True,217.160.44,3
aaba590fea45823ef764717e183761c3b131ab6a0667673f28d9f7e245556a5e DIVERGE
1265,False,54.157.72,1
9ffebe69f0e6a0f341a073c905e89d2269dd5ac46a7086ca2d63248df9e7626e DIVERGE
9ffebe69f0e6a0f341a073c905e89d2269dd5ac46a7086ca2d63248df9e7626e DIVERGE
9ffebe69f0e6a0f341a073c905e89d2269dd5ac46a7086ca2d63248df9e7626e DIVERGE
9ffebe69f0e6a0f341a073c905e89d2269dd5ac46a7086ca2d63248df9e7626e DIVERGE
1266,False,35.182.183,1
1267,True,44.225.198,1
e49f28c18dd254e0222ecdf00002b9fc774b4b0d1df58b968596ef627d5a0cfe DIVERGE
e49f28c18dd254e0222ecdf00002b9fc774b4b0d1df58b968596ef627d5a0cfe DIVERGE
e49f28c18dd254e0222ecdf00002b9fc774b4b0d1df58b968596ef627d5a0cfe DIVERGE
1268,False,3.21.251,1
1269,True,52.203.254,1
1270,True,35.183.237,1
1271,True,193.111.199,1
1272,True,50.3.82,1
1273,True,18.220.47,1
1274,True,70.35.207,1
1275,True,128.1.49,1
a45293f1b8728e9471d6ab18e9f7db14685f21af1cf59efe899e67f7550df032 DIVERGE
1276,False,23.20.79,1
1277,True,54.89.151,1
14fdcac317aafe99c53e4375e89d31817aa009e5c69f35f62e4a3bdb3aa3d38d DIVERGE
14fdcac317aafe99c53e4375e89d31817aa009e5c69f35f62e4a3bdb3aa3d38d DIVERGE
14fdcac317aafe99c53e4375e89d31817aa009e5c69f35f62e4a3bdb3aa3d38d DIVERGE
14fdcac317aafe99c53e4375e89d31817aa009e5c69f35f62e4a3bdb3aa3d38d DIVERGE
1278,False,35.183.169,2
1279,True,13.52.228,1
1280,True,15.222.67,2
1281,True,106.13.28,2
76056754c86f210deb872e597c85ea82d0493aa761d8b07ef6e5a5bc75efab8e DIVERGE
1282,False,52.209.27,1
1283,True,194.87.232,1
1284,True,144.202.69,1
1285,True,50.18.210,1
1286,True,54.70.50,1
1287,True,34.234.172,1
1288,True,204.152.210,1
1289,True,116.203.122,3
1290,True,207.180.218,1
1291,True,46.161.12,168
1292,True,212.227.200,1
1293,True,3.132.177,1
1294,True,159.89.231,1
1295,True,52.214.97,1
1296,True,52.209.148,1
1297,True,85.214.87,1
1298,True,83.166.150,1
1299,True,54.185.164,1
1300,True,195.62.53,1
1301,True,163.172.130,1
1302,True,85.214.128,1
1303,True,82.165.113,2
1304,True,192.99.228,32
1305,True,194.182.64,1
1306,True,40.91.104,1
1307,True,18.224.210,1
1308,True,216.189.157,1
1309,True,144.91.125,1
1310,True,8.210.7,1
1311,True,34.125.136,1
1312,True,157.245.95,1
1313,True,185.187.154,32
1314,True,3.210.198,1
1315,True,84.22.103,1
1316,True,35.162.7,1
1317,True,54.244.128,1
1318,True,34.233.141,1
1319,True,35.237.17,1
1320,True,95.111.244,1
1321,True,47.103.214,1
1322,True,49.12.101,1
1323,True,116.203.154,1
1324,True,206.189.196,1
11299f1d6e4499e8a508fd46c474778a68c9cfeb8da218c1d65e2e3ec5a9afad DIVERGE
1325,False,184.73.58,1
1326,True,87.98.246,1
1327,True,199.247.9,1
1328,True,74.208.175,2
1329,True,82.199.133,8
1330,True,207.246.87,1
6b55bf7f3da32034cd427b67a5caa782239a8529c94742914f74411b42438095 DIVERGE
1331,False,184.73.58,1
1332,True,142.93.250,1
1333,True,149.56.6,4
1334,True,79.137.56,1
1335,True,51.79.68,2
1336,True,46.105.63,1
1337,True,95.217.16,1
1338,True,136.244.100,1
1339,True,35.175.106,1
1340,True,3.22.124,1
1341,True,44.226.249,1
1342,True,47.241.60,3
1343,True,67.205.139,1
1344,True,36.111.41,8
1345,True,63.35.66,1
1346,True,51.83.160,250
3a5b6a3932fb8ee8aa8b580c0e229d9c7712eb025af760241f6f6ecdbcd1a535 DIVERGE
3a5b6a3932fb8ee8aa8b580c0e229d9c7712eb025af760241f6f6ecdbcd1a535 DIVERGE
3a5b6a3932fb8ee8aa8b580c0e229d9c7712eb025af760241f6f6ecdbcd1a535 DIVERGE
1347,False,18.191.146,1
1348,True,208.68.37,1
1349,True,104.196.5,1
1350,True,204.152.210,1
1351,True,66.70.144,4
1352,True,52.208.142,1
1353,True,5.181.49,7
1354,True,52.209.210,1
1355,True,3.90.49,1
1356,True,206.81.5,1
1357,True,151.80.126,1
1358,True,34.251.240,1
1359,True,18.224.149,1
1360,True,108.128.145,1
1361,True,178.128.230,1
1362,True,96.126.120,1
1363,True,144.202.31,1
1364,True,18.190.22,1
1365,True,58.210.135,1
1366,True,5.135.237,1
1367,True,101.200.74,1
1368,True,34.247.48,1
1369,True,92.222.65,9
1370,True,167.71.160,1
1371,True,68.183.133,1
1372,True,47.91.212,1
1373,True,35.168.212,1
1374,True,78.47.82,1
1375,True,37.59.79,1
1376,True,3.82.6,1
1377,True,52.60.58,1
1378,True,70.35.197,1
1379,True,35.183.233,2
1380,True,47.244.37,1
1381,True,107.21.17,1
1382,True,49.12.14,1
1383,True,18.191.213,1
1384,True,54.154.40,1
1385,True,91.121.58,1
1386,True,35.163.14,1
1387,True,107.174.254,1
86814651c2a323579e75d8354de8dbf8aff52aa37b74f4a6a7fec248b5c9de47 DIVERGE
86814651c2a323579e75d8354de8dbf8aff52aa37b74f4a6a7fec248b5c9de47 DIVERGE
1388,False,104.196.19,1
1389,True,95.179.191,1
1390,True,54.171.97,1
1391,True,218.78.79,1
1392,True,198.50.165,128
1393,True,91.241.32,1
1394,True,52.24.215,1
1395,True,34.193.123,1
1396,True,82.223.5,3
1397,True,18.212.113,1
1398,True,162.255.87,1
1399,True,168.235.65,1
1400,True,137.116.72,1
1401,True,50.116.12,1
1402,True,140.82.4,1
1403,True,34.248.51,1
1404,True,52.4.145,1
1405,True,51.195.166,16
1406,True,103.29.69,1
2d11ea49b6ce8bf2e28a27e545031f7a549eb9c4fb7e14182e57efc6fd9a2c69 DIVERGE
1407,False,212.47.248,1
1408,True,149.28.39,1
1409,True,87.106.153,2
1410,True,3.15.129,1
1411,True,142.93.118,1
1412,True,209.250.253,1
1413,True,95.217.7,2
1414,True,157.230.8,1
1415,True,146.148.74,1
1416,True,45.55.46,1
1417,True,51.83.32,1
1418,True,18.220.94,1
1419,True,104.248.202,1
1420,True,119.23.254,1
1421,True,47.57.112,2
1422,True,5.45.107,1
1423,True,146.148.56,1
1424,True,52.26.218,1
1425,True,3.248.38,1
1426,True,52.60.77,2
1427,True,46.232.249,1
1428,True,35.183.66,1
1429,True,35.182.101,3
1430,True,54.36.98,1
1431,True,45.76.16,1
b2de727ef49beb184810b9fe6bc0741335e595378adf3fb9e22e96728465c395 DIVERGE
b2de727ef49beb184810b9fe6bc0741335e595378adf3fb9e22e96728465c395 DIVERGE
1432,False,103.43.75,1
1433,True,122.51.83,1
1434,True,205.185.120,1
1435,True,15.222.113,1
1436,True,54.229.150,1
1437,True,46.101.234,1
1438,True,44.230.14,1
1439,True,100.24.124,1
1440,True,3.96.39,1
1441,True,104.168.43,1
1442,True,44.226.234,1
1443,True,34.197.117,1
1444,True,63.33.209,1
1445,True,139.99.168,1
1446,True,80.240.19,1
1447,True,176.223.140,1
1448,True,209.141.48,1
1449,True,3.219.101,1
1450,True,184.169.250,1
1451,True,35.170.218,1
1452,True,118.126.109,1
1453,True,119.23.254,1
1454,True,193.176.158,256
1455,True,35.168.113,1
1456,True,122.51.82,1
1457,True,5.196.179,1
1458,True,52.37.167,1
1459,True,116.203.87,1
1460,True,151.80.103,1
1461,True,18.188.167,1
1462,True,195.128.102,1
1463,True,44.228.253,1
1464,True,103.127.246,1
1465,True,180.153.57,2
1466,True,35.182.106,2
1467,True,3.234.176,1
1468,True,34.242.229,1
1469,True,154.201.3,1
1470,True,70.26.254,1
1471,True,66.42.86,1
1472,True,99.81.87,1
1473,True,164.132.42,1
1474,True,54.187.221,1